{"cameraMode":{"drawMode":0,"name":"Shaded","section":"Shading Mode"},"sceneLighting":false,"audioPlay":false,"sceneViewState":{"showFog":true,"showMaterialUpdate":false,"showSkybox":false,"showFlares":true,"showImageEffects":true,"showParticleSystems":true},"in2DMode":false,"pivot":{"x":-5.960464477539063e-8,"y":1.465369462966919,"z":0.0},"rotation":{"x":-0.003568447893485427,"y":0.9949747920036316,"z":0.09367633610963822,"w":0.037237778306007388},"size":0.38590341806411745,"orthographic":false}