{"cameraMode":{"drawMode":0,"name":"Shaded","section":"Shading Mode"},"sceneLighting":true,"audioPlay":false,"sceneViewState":{"showFog":true,"showMaterialUpdate":false,"showSkybox":true,"showFlares":true,"showImageEffects":true,"showParticleSystems":true},"in2DMode":false,"pivot":{"x":0.3540916442871094,"y":0.9261809587478638,"z":0.5794166326522827},"rotation":{"x":-0.014777024276554585,"y":0.973503589630127,"z":-0.21852225065231324,"w":-0.06582522392272949},"size":1.557124376296997,"orthographic":false}